file,id,title,missing
diseases_digestive.json,disease-digestive-enlarged-stomach,Enlarged Stomach,section:treatment;section:symptoms
diseases_digestive.json,disease-digestive-stomach-inflammation,Stomach Inflammation,section:treatment;section:causes;section:symptoms
diseases_digestive.json,disease-digestive-chronic-diarrhea,Chronic Diarrhea,section:treatment;section:symptoms
diseases_general.json,disease-general-jet-lag,Jet Lag,section:treatment
diseases_general.json,disease-general-heat-exhaustion,Heat Exhaustion,section:causes
diseases_general.json,disease-general-motion-sickness,Motion Sickness,section:causes
diseases_general.json,disease-general-weakened-autoimmune-system,Weakened Autoimmune System,image
diseases_general.json,disease-general-aging,Aging,section:treatment
diseases_general.json,disease-general-skin-problems,Skin Problems,section:causes;section:symptoms
diseases_general.json,disease-general-scarring,Scarring,section:causes
diseases_general.json,disease-general-moles,Moles,section:symptoms
diseases_general.json,disease-general-chapped-hands,Chapped Hands,section:treatment
diseases_general.json,disease-general-wens,Wens,section:causes
diseases_general.json,disease-general-wrinkles,Wrinkles,section:treatment
diseases_general.json,disease-general-skin-disorders,Skin Disorders,section:treatment;section:causes;section:symptoms
diseases_general.json,disease-general-foot-problems,Foot Problems,section:causes;section:symptoms
diseases_general.json,disease-general-pharyngitis,Pharyngitis,section:treatment;section:symptoms
diseases_general.json,disease-general-denture-troubles,Denture Troubles,image;section:treatment
diseases_general.json,disease-general-saliva-problems,Saliva Problems,section:treatment;section:causes
diseases_general.json,disease-general-vomiting,Vomiting,section:treatment
diseases_general.json,disease-general-nervous-dyspepsia,Nervous Dyspepsia,section:causes;section:symptoms
diseases_general.json,disease-general-achlorhydria,Achlorhydria,image
diseases_general.json,disease-general-hydrochloric-acid-problems,Hydrochloric Acid Problems,section:causes;section:symptoms
diseases_general.json,disease-general-emaciation,Emaciation,section:symptoms
diseases_general.json,disease-general-urine-problems,Urine Problems,section:causes;section:symptoms
diseases_general.json,disease-general-postnasal-drip,Postnasal Drip,image
diseases_general.json,disease-general-suffocation,Suffocation,section:causes
diseases_general.json,disease-general-lung-congestion,Lung Congestion,section:causes;section:symptoms
diseases_general.json,disease-general-arteriosclerosis,Arteriosclerosis,section:treatment;section:causes;section:symptoms
diseases_general.json,disease-general-chlorosis,Chlorosis,section:treatment;section:causes;section:symptoms
diseases_general.json,disease-general-hemorrhage,Hemorrhage,section:treatment
diseases_general.json,disease-general-chorea,Chorea,section:treatment;section:symptoms
diseases_general.json,disease-general-multiple-neuritis,Multiple Neuritis,section:causes
diseases_general.json,disease-general-seasonal-affective-syndrome,Seasonal Affective Syndrome,image
diseases_general.json,disease-general-amyotrophic-lateral-sclerosis,Amyotrophic Lateral Sclerosis,section:symptoms
diseases_general.json,disease-general-kuru,Kuru,section:treatment
diseases_general.json,disease-general-myelitis,Myelitis,section:treatment;section:causes;section:symptoms
diseases_general.json,disease-general-pelvic-congestion,Pelvic Congestion,section:causes;section:symptoms
diseases_general.json,disease-general-pelvic-pain,Pelvic Pain,section:symptoms
diseases_general.json,disease-general-infantile-convulsions,Infantile Convulsions,section:treatment;section:symptoms
diseases_general.json,disease-general-cholera-infantum,Cholera Infantum,section:treatment;section:symptoms
diseases_general.json,disease-general-vaccination-problems,Vaccination Problems,section:treatment;section:causes
diseases_general.json,disease-general-chemical-poisoning,Chemical Poisoning,section:treatment
diseases_general.json,disease-general-aluminum-poisoning,Aluminum Poisoning,section:treatment
diseases_general.json,disease-general-arsenic-poisoning,Arsenic Poisoning,section:treatment
diseases_general.json,disease-general-cadmium-poisoning,Cadmium Poisoning,section:treatment
diseases_general.json,disease-general-copper-poisoning,Copper Poisoning,section:treatment
diseases_general.json,disease-general-ddt-poisoning,Ddt Poisoning,section:treatment;section:symptoms
diseases_general.json,disease-general-lead-poisoning,Lead Poisoning,section:treatment
diseases_general.json,disease-general-mercury-poisoning,Mercury Poisoning,section:treatment
diseases_general.json,disease-general-nickel-poisoning,Nickel Poisoning,section:treatment
diseases_general.json,disease-general-toxemia,Toxemia,section:causes;section:symptoms
diseases_general.json,disease-general-coffee-withdrawal,Coffee Withdrawal,section:causes;section:symptoms
diseases_general.json,disease-general-special-risk-factors,Special Risk Factors,section:symptoms
diseases_general.json,disease-general-miscellaneous-preventative-factors,Miscellaneous Preventative Factors,image;section:symptoms
diseases_general.json,disease-general-general-preventative-factors,General Preventative Factors,section:causes;section:symptoms
diseases_general.json,disease-general-deep-breathing-and-exercise,Deep Breathing And Exercise,section:treatment;section:symptoms
diseases_general.json,disease-general-organs-of-elimination,Organs Of Elimination,section:causes;section:symptoms
diseases_general.json,disease-general-chemical-food-additives,Chemical Food Additives,section:treatment;section:symptoms
diseases_general.json,disease-general-other-chemicals,Other Chemicals,section:causes
diseases_general.json,disease-general-radiation,Radiation,section:treatment;section:symptoms
diseases_general.json,disease-general-protein,Protein,section:treatment;section:causes;section:symptoms
diseases_general.json,disease-general-meat,Meat,section:treatment;section:causes;section:symptoms
diseases_general.json,disease-general-dairy-products,Dairy Products,section:treatment;section:causes;section:symptoms
diseases_general.json,disease-general-fats-and-rancid-oil,Fats And Rancid Oil,section:treatment;section:symptoms
diseases_general.json,disease-general-diet-and-nutrition,Diet And Nutrition,section:treatment;section:causes;section:symptoms
diseases_general.json,disease-general-cooking,Cooking,section:treatment;section:symptoms
diseases_general.json,disease-general-problem-foods,Problem Foods,section:symptoms
diseases_general.json,disease-general-good-foods,Good Foods,section:symptoms
diseases_general.json,disease-general-minerals,Minerals,section:symptoms
diseases_general.json,disease-general-other-nutrients,Other Nutrients,section:causes;section:symptoms
diseases_general.json,disease-general-amino-acids,Amino Acids,section:causes;section:symptoms
diseases_head.json,disease-head-eye-problems,Eye Problems,section:causes
diseases_head.json,disease-head-eye-inflammation,Eye Inflammation,section:treatment;section:causes;section:symptoms
diseases_head.json,disease-head-sorrow-of-the-heart,Sorrow Of The Heart,section:symptoms
diseases_reproductive.json,disease-reproductive-lack-of-menstruation,Lack Of Menstruation,section:treatment;section:causes;section:symptoms
diseases_reproductive.json,disease-reproductive-painful-menstruation,Painful Menstruation,section:symptoms
diseases_reproductive.json,disease-reproductive-uterine-bleeding,Uterine Bleeding,section:symptoms
diseases_reproductive.json,disease-reproductive-prostatitis,Prostatitis,section:treatment;section:causes;section:symptoms
diseases_respiratory.json,disease-respiratory-broncho-pneumonia,Broncho-Pneumonia,section:treatment;section:causes;section:symptoms
diseases_respiratory.json,disease-respiratory-fluoride-poisoning,Fluoride Poisoning,image;section:treatment
diseases_skin.json,disease-skin-drug-rash,Drug Rash,section:symptoms
diseases_urinary.json,disease-urinary-kidney-problems,Kidney Problems,section:symptoms
herbs.json,herb-the-most-important-herbs,The Most Important Herbs,section:treatment;section:symptoms;section:usage;section:habitat
herbs.json,herb-most-important-herbs,Most Important Herbs,section:causes;section:symptoms;section:usage;section:habitat
herbs.json,herb-most-important-herbs,Most Important Herbs,section:causes;section:symptoms;section:usage;section:habitat
herbs.json,herb-most-important-herbs,Most Important Herbs,section:causes;section:symptoms;section:usage;section:habitat
herbs.json,herb-barberry-pleurisy,Barberry Pleurisy,image;section:treatment;section:causes;section:symptoms;section:usage;section:habitat
herbs.json,herb-burdock-red,Burdock Red,section:treatment;section:causes;section:symptoms;section:usage;section:habitat
herbs.json,herb-chickweed-squaw,Chickweed Squaw,image;section:treatment;section:causes;section:symptoms;section:usage;section:habitat
herbs.json,herb-cramp-valerian,Cramp Valerian,image;section:treatment;section:causes;section:symptoms;section:usage;section:habitat
herbs.json,herb-eyebright-wild,Eyebright Wild,section:treatment;section:causes;section:symptoms;section:usage;section:habitat
herbs.json,herb-yellow,Yellow,section:treatment;section:causes;section:symptoms;section:usage;section:habitat
herbs.json,herb-most-important-herbs,Most Important Herbs,section:causes;section:symptoms;section:usage;section:habitat
herbs.json,herb-blessed,Blessed,section:treatment;section:causes;section:symptoms;section:usage;section:habitat
herbs.json,herb-marshmallow,Marshmallow,section:treatment;section:causes;section:symptoms;section:usage;section:habitat
herbs.json,herb-gentian,Gentian,section:treatment;section:causes;section:symptoms;section:usage;section:habitat
herbs.json,herb-ginseng,Ginseng,section:treatment;section:causes;section:symptoms;section:usage;section:habitat
herbs.json,herb-basic-herbal-principles,Basic Herbal Principles,image;section:usage
herbs.json,herb-the-preparation-of-herbs,The Preparation Of Herbs,section:treatment;section:causes;section:symptoms;section:usage;section:habitat
herbs.json,herb-nine-useful-poultices,Nine Useful Poultices,image;section:treatment;section:causes;section:symptoms;section:usage
herbs.json,herb-the-healing-crisis,The Healing Crisis,section:causes;section:usage
herbs.json,herb-water-therapy-principles,Water Therapy Principles,section:causes;section:symptoms
herbs.json,herb-the-use-of-drugs,The Use Of Drugs,section:symptoms
herbs.json,herb-the-air-you-breathe,The Air You Breathe,section:treatment;section:causes;section:symptoms;section:usage;section:habitat
principles.json,principle-section-0,Section 0,section:treatment;section:causes;section:symptoms
principles.json,principle-maintaining-health,Maintaining Health,section:treatment;section:causes;section:symptoms
principles.json,principle-basic-principles-of-health,Basic Principles Of Health,section:causes;section:symptoms
principles.json,principle-fruits,Fruits,section:treatment;section:causes;section:symptoms
principles.json,principle-vegetables,Vegetables,section:treatment;section:symptoms
principles.json,principle-grains,Grains,section:treatment;section:causes;section:symptoms
principles.json,principle-nuts-and-seeds,Nuts And Seeds,section:treatment;section:causes;section:symptoms
principles.json,principle-fats,Fats,section:treatment;section:symptoms
principles.json,principle-sweetening,Sweetening,section:treatment;section:causes;section:symptoms
principles.json,principle-other-nutrients,Other Nutrients,section:treatment;section:causes;section:symptoms
principles.json,principle-vitamins-and-minerals,Vitamins And Minerals,section:treatment;section:symptoms
principles.json,principle-summary,Summary,section:treatment;section:causes;section:symptoms
principles.json,principle-things-to-avoid,Things To Avoid,section:treatment;section:causes;section:symptoms
principles.json,principle-non-dietetic-factors,Non-Dietetic Factors,image;section:treatment
